ID,Name,Age,City,Salary (INR),Job Role
1,Vihaan,22,Pune,67960,Data Analyst
2,Dev,33,Jaipur,89091,Sales Executive
3,Kiara,42,Jaipur,90218,Marketing Manager
4,Aarav,25,Delhi,132923,Data Analyst
5,Meera,41,Hyderabad,29359,Accountant
6,Aarav,34,Chennai,109774,Teacher
7,Dev,21,Chennai,51395,Sales Executive
8,Kabir,22,Hyderabad,81273,Marketing Manager
9,Ananya,50,Surat,68191,Research Scientist
10,Ishaan,46,Bangalore,47679,Accountant
11,Rohan,20,Ahmedabad,122018,Marketing Manager
12,Rohan,26,Surat,56269,Sales Executive
13,Aarav,41,Surat,61323,Data Analyst
14,Ishaan,41,Pune,119429,Accountant
15,Ananya,44,Hyderabad,69294,Marketing Manager
16,Ananya,58,Mumbai,65820,Doctor
17,Saanvi,30,Surat,105122,Teacher
18,Kabir,20,Chennai,140941,Accountant
19,Ananya,58,Mumbai,127231,Research Scientist
20,Dev,25,Bangalore,133591,Sales Executive
21,Rohan,42,Chennai,82114,HR
22,Vihaan,30,Ahmedabad,99745,Teacher
23,Ishaan,34,Jaipur,111889,Doctor
24,Saanvi,59,Bangalore,77604,Graphic Designer
25,Ishaan,59,Kolkata,119254,Graphic Designer
26,Dev,39,Kolkata,40696,Accountant
27,Dev,23,Chennai,114609,Research Scientist
28,Saanvi,35,Chennai,111459,Accountant
29,Ishaan,23,Jaipur,122349,Doctor
30,Dev,28,Hyderabad,52499,Sales Executive
31,Rohan,26,Jaipur,68965,Software Engineer
32,Kabir,33,Pune,118171,Graphic Designer
33,Kabir,36,Kolkata,83430,Doctor
34,Kabir,35,Jaipur,105770,Marketing Manager
35,Ishaan,52,Jaipur,75033,Graphic Designer
36,Rohan,26,Kolkata,131775,Research Scientist
37,Dev,38,Pune,60837,Doctor
38,Meera,22,Jaipur,55862,Software Engineer
39,Kabir,53,Pune,123931,Marketing Manager
40,Rohan,27,Pune,130118,Research Scientist
41,Meera,46,Delhi,109283,Doctor
42,Dev,47,Surat,68163,Research Scientist
43,Ananya,26,Ahmedabad,110011,Graphic Designer
44,Vihaan,60,Jaipur,96342,Graphic Designer
45,Kabir,35,Chennai,115980,Marketing Manager
46,Aarav,58,Pune,27335,Doctor
47,Ananya,31,Kolkata,74140,Graphic Designer
48,Vihaan,44,Delhi,110171,HR
49,Vihaan,48,Chennai,142640,Sales Executive
50,Rohan,52,Chennai,27242,Research Scientist
51,Rohan,25,Bangalore,80161,Teacher
52,Ananya,23,Delhi,127099,Software Engineer
53,Aarav,54,Pune,74842,Doctor
54,Meera,42,Mumbai,115134,Data Analyst
55,Meera,42,Surat,40321,Marketing Manager
56,Vihaan,21,Jaipur,137615,Sales Executive
57,Kiara,41,Jaipur,87277,Graphic Designer
58,Kabir,48,Ahmedabad,113210,Research Scientist
59,Meera,36,Pune,127340,Teacher
60,Aarav,46,Pune,43231,Accountant
61,Ishaan,57,Bangalore,134451,Teacher
62,Ananya,18,Mumbai,71028,Research Scientist
63,Vihaan,54,Hyderabad,121491,Software Engineer
64,Ishaan,39,Chennai,68023,Data Analyst
65,Kiara,57,Delhi,128490,HR
66,Ananya,26,Mumbai,122835,HR
67,Ishaan,33,Kolkata,83101,Research Scientist
68,Kabir,57,Kolkata,74999,HR
69,Kiara,41,Pune,26719,Research Scientist
70,Meera,31,Ahmedabad,75600,Doctor
71,Ishaan,34,Surat,72966,Teacher
72,Kiara,30,Jaipur,120385,Data Analyst
73,Aarav,41,Kolkata,35454,Graphic Designer
74,Kabir,45,Chennai,66991,Data Analyst
75,Meera,53,Delhi,39404,Data Analyst
76,Aarav,53,Chennai,125984,HR
77,Ishaan,59,Kolkata,34105,Teacher
78,Kiara,31,Bangalore,60901,Teacher
79,Kiara,26,Pune,133818,Accountant
80,Saanvi,31,Chennai,132062,Accountant
81,Dev,27,Bangalore,73778,HR
82,Rohan,25,Pune,137204,Research Scientist
83,Rohan,25,Bangalore,105360,Research Scientist
84,Vihaan,39,Bangalore,54123,Doctor
85,Meera,34,Delhi,32024,Marketing Manager
86,Rohan,44,Mumbai,70666,Software Engineer
87,Vihaan,52,Surat,37314,HR
88,Kabir,26,Jaipur,132865,Sales Executive
89,Dev,18,Surat,114784,Software Engineer
90,Ishaan,33,Delhi,53748,Marketing Manager
91,Ananya,52,Pune,20844,Sales Executive
92,Ananya,55,Ahmedabad,38911,HR
93,Vihaan,42,Jaipur,41146,HR
94,Aarav,48,Chennai,25061,Software Engineer
95,Ananya,47,Jaipur,38068,Marketing Manager
96,Meera,42,Kolkata,46811,Marketing Manager
97,Ishaan,45,Pune,69638,Software Engineer
98,Meera,59,Chennai,71363,Teacher
99,Ananya,35,Kolkata,61877,HR
100,Kabir,32,Chennai,73782,Marketing Manager
101,Rohan,20,Pune,57765,Teacher
102,Kabir,52,Hyderabad,84509,HR
103,Kiara,58,Ahmedabad,145832,Marketing Manager
104,Ananya,58,Surat,114116,Sales Executive
105,Kabir,23,Jaipur,34905,Accountant
106,Meera,27,Kolkata,30717,Sales Executive
107,Kiara,36,Ahmedabad,97510,Graphic Designer
108,Ishaan,37,Bangalore,135060,Doctor
109,Ananya,58,Jaipur,124749,Graphic Designer
110,Saanvi,55,Hyderabad,74343,Doctor
111,Kiara,26,Bangalore,53672,Accountant
112,Dev,51,Surat,41418,Doctor
113,Dev,43,Kolkata,29495,Software Engineer
114,Aarav,37,Jaipur,69631,Doctor
115,Aarav,56,Kolkata,59691,Doctor
116,Rohan,45,Jaipur,143064,Sales Executive
117,Vihaan,32,Delhi,51514,Software Engineer
118,Meera,56,Bangalore,23529,Sales Executive
119,Meera,48,Chennai,35601,Software Engineer
120,Aarav,47,Ahmedabad,27827,Sales Executive
121,Aarav,30,Ahmedabad,123119,Sales Executive
122,Kiara,21,Bangalore,69599,Graphic Designer
123,Kiara,51,Bangalore,84475,Accountant
124,Ananya,24,Jaipur,33758,Marketing Manager
125,Saanvi,55,Mumbai,55560,Accountant
126,Dev,28,Delhi,89984,Accountant
127,Dev,47,Delhi,74635,Sales Executive
128,Ishaan,31,Chennai,130780,Sales Executive
129,Vihaan,38,Mumbai,36123,Marketing Manager
130,Saanvi,50,Mumbai,78340,Data Analyst
131,Saanvi,48,Surat,59454,Sales Executive
132,Rohan,20,Bangalore,116172,Graphic Designer
133,Rohan,24,Kolkata,46190,Software Engineer
134,Ishaan,18,Hyderabad,74590,HR
135,Vihaan,36,Ahmedabad,42155,Doctor
136,Rohan,35,Delhi,105805,Accountant
137,Kabir,24,Pune,34370,Graphic Designer
138,Meera,18,Mumbai,104540,Teacher
139,Kiara,59,Pune,74909,Teacher
140,Kiara,54,Chennai,132331,HR
141,Rohan,32,Ahmedabad,82714,HR
142,Saanvi,55,Kolkata,28456,Software Engineer
143,Kiara,39,Jaipur,45019,Software Engineer
144,Meera,28,Ahmedabad,60628,Marketing Manager
145,Aarav,59,Kolkata,104352,Teacher
146,Kiara,47,Ahmedabad,80472,Graphic Designer
147,Ishaan,28,Hyderabad,57887,Sales Executive
148,Kabir,20,Bangalore,100255,Software Engineer
149,Vihaan,43,Surat,116363,Graphic Designer
150,Ananya,51,Surat,65643,Research Scientist
151,Aarav,20,Chennai,28450,Software Engineer
152,Saanvi,32,Hyderabad,96772,HR
153,Saanvi,40,Hyderabad,62181,Accountant
154,Aarav,27,Surat,26565,Data Analyst
155,Ananya,22,Kolkata,134701,HR
156,Vihaan,48,Delhi,69661,Accountant
157,Ishaan,21,Ahmedabad,136327,Teacher
158,Dev,20,Jaipur,127153,Sales Executive
159,Vihaan,34,Delhi,26513,Sales Executive
160,Saanvi,56,Chennai,21786,Research Scientist
161,Aarav,24,Delhi,52230,Data Analyst
162,Meera,56,Kolkata,132120,Data Analyst
163,Ananya,44,Ahmedabad,68186,Marketing Manager
164,Ananya,42,Delhi,65362,HR
165,Dev,48,Hyderabad,145062,Sales Executive
166,Dev,25,Kolkata,88221,Accountant
167,Aarav,59,Bangalore,81659,Teacher
168,Kiara,57,Hyderabad,111816,Graphic Designer
169,Kabir,43,Bangalore,111290,Marketing Manager
170,Rohan,26,Delhi,128447,HR
171,Kiara,35,Surat,117616,Marketing Manager
172,Vihaan,47,Pune,43187,Software Engineer
173,Kabir,29,Mumbai,98861,Research Scientist
174,Vihaan,43,Kolkata,37186,Accountant
175,Kiara,53,Pune,75769,Graphic Designer
176,Saanvi,40,Bangalore,40018,HR
177,Rohan,29,Kolkata,149803,Teacher
178,Vihaan,43,Delhi,116218,Graphic Designer
179,Ishaan,20,Surat,24244,HR
180,Kabir,32,Hyderabad,134071,Doctor
181,Meera,56,Jaipur,145831,HR
182,Ishaan,25,Kolkata,38197,Doctor
183,Saanvi,21,Mumbai,117503,Data Analyst
184,Meera,33,Mumbai,136436,Software Engineer
185,Meera,60,Hyderabad,123389,Doctor
186,Ananya,38,Surat,91891,Software Engineer
187,Kabir,58,Surat,29887,Graphic Designer
188,Ananya,53,Jaipur,63972,Marketing Manager
189,Meera,35,Mumbai,58505,Accountant
190,Kiara,55,Mumbai,64429,Sales Executive
191,Aarav,36,Ahmedabad,119744,Sales Executive
192,Vihaan,45,Mumbai,64779,Accountant
193,Rohan,18,Delhi,24355,Data Analyst
194,Meera,48,Ahmedabad,51193,Software Engineer
195,Saanvi,49,Mumbai,31653,HR
196,Ananya,22,Jaipur,76605,Marketing Manager
197,Dev,43,Chennai,36767,Accountant
198,Kabir,52,Jaipur,87181,Accountant
199,Rohan,35,Jaipur,82271,Doctor
200,Rohan,31,Hyderabad,89657,Teacher
201,Vihaan,34,Surat,112883,Teacher
202,Aarav,24,Delhi,110630,Sales Executive
203,Ananya,50,Hyderabad,99080,Graphic Designer
204,Vihaan,34,Pune,49025,HR
205,Vihaan,28,Bangalore,83181,HR
206,Meera,26,Chennai,80361,Doctor
207,Ananya,49,Chennai,140590,Teacher
208,Kabir,53,Ahmedabad,64507,Research Scientist
209,Aarav,40,Kolkata,78799,Accountant
210,Ishaan,59,Ahmedabad,120103,Sales Executive
211,Aarav,18,Mumbai,45602,Teacher
212,Vihaan,39,Delhi,77545,Graphic Designer
213,Vihaan,45,Surat,123722,Marketing Manager
214,Ananya,18,Mumbai,93591,Teacher
215,Kabir,43,Delhi,90825,Sales Executive
216,Aarav,41,Surat,60219,Marketing Manager
217,Rohan,23,Kolkata,92783,Graphic Designer
218,Saanvi,41,Delhi,141174,Teacher
219,Ananya,40,Pune,109537,HR
220,Kiara,28,Kolkata,88158,Doctor
221,Vihaan,28,Pune,56584,Teacher
222,Rohan,53,Hyderabad,131000,Software Engineer
223,Rohan,30,Bangalore,138886,Research Scientist
224,Dev,36,Pune,22973,Doctor
225,Rohan,56,Pune,67708,Sales Executive
226,Rohan,38,Pune,33786,Data Analyst
227,Aarav,51,Mumbai,126954,Sales Executive
228,Aarav,29,Jaipur,136333,Marketing Manager
229,Kabir,50,Surat,58792,Data Analyst
230,Vihaan,54,Surat,91851,HR
231,Ishaan,60,Chennai,48513,Research Scientist
232,Kiara,19,Bangalore,97309,HR
233,Saanvi,26,Delhi,123618,Software Engineer
234,Ananya,45,Mumbai,71825,Accountant
235,Dev,29,Chennai,33300,Data Analyst
236,Kabir,53,Surat,46941,Data Analyst
237,Saanvi,54,Delhi,104409,Sales Executive
238,Rohan,27,Chennai,54165,Doctor
239,Ananya,41,Surat,28491,Software Engineer
240,Saanvi,35,Jaipur,140213,Teacher
241,Kiara,60,Chennai,81268,Doctor
242,Rohan,51,Ahmedabad,59683,HR
243,Ananya,53,Mumbai,52694,Research Scientist
244,Saanvi,56,Mumbai,20834,Software Engineer
245,Aarav,59,Pune,67332,Data Analyst
246,Dev,58,Ahmedabad,81635,Marketing Manager
247,Aarav,40,Pune,131432,Sales Executive
248,Rohan,48,Mumbai,20247,Graphic Designer
249,Kiara,56,Hyderabad,48295,Data Analyst
250,Aarav,31,Pune,111198,Sales Executive
251,Aarav,60,Surat,126244,HR
252,Ananya,24,Mumbai,58438,Data Analyst
253,Saanvi,52,Kolkata,50884,Sales Executive
254,Ishaan,42,Chennai,55110,Sales Executive
255,Meera,36,Surat,59388,Accountant
256,Kabir,43,Pune,107867,Graphic Designer
257,Saanvi,56,Chennai,115767,Research Scientist
258,Dev,43,Kolkata,71624,Doctor
259,Meera,29,Kolkata,99892,HR
260,Rohan,51,Hyderabad,55399,Teacher
261,Kiara,28,Ahmedabad,90684,Data Analyst
262,Kiara,43,Delhi,72524,Sales Executive
263,Saanvi,33,Ahmedabad,70230,Marketing Manager
264,Aarav,23,Hyderabad,128836,Research Scientist
265,Kabir,49,Jaipur,29503,Teacher
266,Vihaan,26,Bangalore,35563,Data Analyst
267,Dev,51,Chennai,62943,HR
268,Ishaan,27,Ahmedabad,100940,Software Engineer
269,Vihaan,18,Chennai,69493,HR
270,Vihaan,35,Mumbai,136604,Teacher
271,Aarav,39,Chennai,103198,HR
272,Ishaan,54,Delhi,70654,Research Scientist
273,Kiara,21,Hyderabad,127730,Accountant
274,Rohan,24,Kolkata,94353,Accountant
275,Rohan,37,Kolkata,102497,Research Scientist
276,Dev,34,Mumbai,47045,Software Engineer
277,Ananya,48,Bangalore,112008,Software Engineer
278,Dev,46,Chennai,108880,Sales Executive
279,Ananya,35,Ahmedabad,61737,Doctor
280,Kiara,48,Pune,134321,Accountant
281,Dev,20,Delhi,65145,Graphic Designer
282,Saanvi,38,Chennai,62863,Sales Executive
283,Ishaan,29,Chennai,37420,Graphic Designer
284,Vihaan,36,Kolkata,34803,HR
285,Ishaan,42,Hyderabad,30551,HR
286,Vihaan,26,Delhi,138752,HR
287,Rohan,48,Mumbai,48828,Sales Executive
288,Ishaan,56,Jaipur,35171,Doctor
289,Ishaan,26,Hyderabad,34875,Doctor
290,Dev,40,Hyderabad,119307,Software Engineer
291,Kabir,55,Kolkata,100439,Doctor
292,Meera,35,Kolkata,31900,Research Scientist
293,Ishaan,56,Mumbai,125023,Graphic Designer
294,Aarav,22,Delhi,34437,Research Scientist
295,Saanvi,56,Delhi,83494,Research Scientist
296,Vihaan,25,Chennai,125236,Marketing Manager
297,Kiara,39,Surat,121866,HR
298,Ishaan,43,Hyderabad,79187,Doctor
299,Dev,30,Pune,51734,Marketing Manager
300,Ananya,45,Chennai,139042,Research Scientist
301,Saanvi,57,Surat,27605,Data Analyst
302,Aarav,18,Surat,75397,Accountant
303,Kabir,20,Kolkata,72178,Software Engineer
304,Rohan,49,Surat,76059,Teacher
305,Dev,59,Mumbai,78793,Doctor
306,Aarav,18,Mumbai,122487,Data Analyst
307,Saanvi,27,Chennai,21765,Research Scientist
308,Ananya,31,Chennai,136697,Marketing Manager
309,Meera,32,Mumbai,55748,Sales Executive
310,Ananya,18,Bangalore,124922,HR
311,Kiara,46,Bangalore,80824,Marketing Manager
312,Rohan,35,Chennai,146174,Accountant
313,Dev,49,Surat,67065,Sales Executive
314,Vihaan,53,Bangalore,127919,Teacher
315,Vihaan,30,Chennai,96593,Teacher
316,Dev,42,Chennai,29738,Research Scientist
317,Saanvi,55,Kolkata,32330,Data Analyst
318,Dev,30,Chennai,130298,Accountant
319,Saanvi,42,Delhi,40860,Teacher
320,Aarav,19,Ahmedabad,76051,Accountant
321,Vihaan,36,Kolkata,69028,Graphic Designer
322,Ananya,23,Jaipur,113884,Teacher
323,Saanvi,29,Kolkata,124735,Software Engineer
324,Rohan,44,Hyderabad,132887,Data Analyst
325,Kiara,25,Mumbai,81662,Research Scientist
326,Ananya,42,Pune,125233,HR
327,Ishaan,57,Delhi,47552,Research Scientist
328,Vihaan,19,Delhi,117102,Sales Executive
329,Vihaan,60,Hyderabad,33262,Marketing Manager
330,Saanvi,44,Delhi,139415,Marketing Manager
331,Ishaan,32,Jaipur,22063,Teacher
332,Aarav,59,Pune,67931,Accountant
333,Vihaan,20,Chennai,91152,Accountant
334,Ishaan,48,Bangalore,69957,Graphic Designer
335,Aarav,19,Bangalore,28674,Doctor
336,Meera,26,Pune,46646,Teacher
337,Meera,20,Jaipur,48362,Teacher
338,Kabir,26,Kolkata,51982,Teacher
339,Kiara,44,Mumbai,49036,Teacher
340,Kabir,37,Jaipur,142446,HR
341,Meera,30,Chennai,52093,Sales Executive
342,Vihaan,25,Pune,89469,Doctor
343,Kiara,54,Delhi,35473,Sales Executive
344,Vihaan,53,Kolkata,87148,Research Scientist
345,Kiara,54,Mumbai,148885,Software Engineer
346,Rohan,50,Bangalore,82045,Teacher
347,Ananya,24,Jaipur,23953,Sales Executive
348,Rohan,31,Hyderabad,53827,HR
349,Meera,34,Ahmedabad,136214,Doctor
350,Kiara,59,Kolkata,147265,Doctor
351,Ananya,59,Chennai,78926,Doctor
352,Meera,22,Ahmedabad,54103,Software Engineer
353,Kabir,40,Ahmedabad,48084,Teacher
354,Ishaan,29,Chennai,72252,HR
355,Dev,52,Jaipur,98779,Data Analyst
356,Ishaan,42,Pune,47939,Doctor
357,Aarav,24,Ahmedabad,109858,Research Scientist
358,Ishaan,49,Kolkata,141477,Doctor
359,Aarav,28,Ahmedabad,85240,HR
360,Vihaan,32,Kolkata,74754,Doctor
361,Meera,54,Jaipur,63617,Graphic Designer
362,Kiara,22,Surat,39144,Accountant
363,Aarav,32,Jaipur,35746,HR
364,Rohan,26,Chennai,94206,Graphic Designer
365,Ananya,34,Surat,77468,Marketing Manager
366,Meera,57,Kolkata,88575,Graphic Designer
367,Vihaan,60,Bangalore,107314,Data Analyst
368,Ananya,55,Kolkata,55771,HR
369,Rohan,57,Kolkata,134931,Teacher
370,Ananya,25,Ahmedabad,29136,Marketing Manager
371,Ishaan,36,Mumbai,42175,Data Analyst
372,Ishaan,21,Surat,76142,Research Scientist
373,Meera,42,Chennai,110305,HR
374,Vihaan,56,Jaipur,42124,Sales Executive
375,Dev,39,Kolkata,149169,Marketing Manager
376,Kabir,54,Bangalore,135787,Marketing Manager
377,Rohan,46,Hyderabad,95156,Data Analyst
378,Aarav,41,Mumbai,123695,Accountant
379,Rohan,21,Surat,68018,Accountant
380,Vihaan,44,Hyderabad,24828,Research Scientist
381,Dev,58,Kolkata,40354,Marketing Manager
382,Ananya,28,Jaipur,20878,Graphic Designer
383,Meera,42,Jaipur,21109,Graphic Designer
384,Rohan,53,Pune,22477,Software Engineer
385,Ishaan,28,Chennai,27756,Software Engineer
386,Rohan,42,Hyderabad,20177,Doctor
387,Saanvi,38,Mumbai,99220,Marketing Manager
388,Saanvi,39,Mumbai,120385,Accountant
389,Dev,50,Kolkata,25417,Software Engineer
390,Vihaan,22,Surat,83329,HR
391,Saanvi,19,Bangalore,96531,Sales Executive
392,Ishaan,29,Ahmedabad,83393,Doctor
393,Aarav,21,Jaipur,20520,HR
394,Dev,19,Hyderabad,101300,Marketing Manager
395,Aarav,60,Hyderabad,84488,Marketing Manager
396,Rohan,58,Surat,75170,Research Scientist
397,Saanvi,41,Pune,109513,Graphic Designer
398,Kiara,43,Chennai,39329,Accountant
399,Vihaan,30,Hyderabad,33233,Accountant
400,Kabir,57,Surat,137177,Doctor
401,Rohan,29,Ahmedabad,136850,Teacher
402,Saanvi,24,Kolkata,121165,Software Engineer
403,Rohan,38,Jaipur,118519,Graphic Designer
404,Kabir,40,Surat,35559,Doctor
405,Meera,60,Ahmedabad,77531,Marketing Manager
406,Ananya,31,Kolkata,124631,Sales Executive
407,Ishaan,59,Pune,21109,Teacher
408,Ishaan,28,Kolkata,127097,HR
409,Aarav,44,Chennai,40016,Accountant
410,Kiara,59,Pune,125970,Software Engineer
411,Ishaan,32,Delhi,23973,Software Engineer
412,Aarav,50,Mumbai,106914,Marketing Manager
413,Vihaan,47,Hyderabad,79315,Graphic Designer
414,Kabir,45,Surat,148784,Graphic Designer
415,Kabir,37,Ahmedabad,146575,Teacher
416,Ananya,36,Kolkata,132328,Graphic Designer
417,Vihaan,41,Jaipur,116466,Marketing Manager
418,Kiara,60,Kolkata,129137,Accountant
419,Kiara,37,Hyderabad,103713,Marketing Manager
420,Rohan,26,Delhi,129789,Marketing Manager
421,Dev,49,Kolkata,31172,Teacher
422,Dev,26,Hyderabad,123764,HR
423,Vihaan,28,Ahmedabad,89275,Data Analyst
424,Rohan,54,Delhi,46588,HR
425,Meera,20,Surat,65665,Research Scientist
426,Ishaan,41,Chennai,70479,Accountant
427,Kiara,57,Pune,142922,Data Analyst
428,Kiara,33,Surat,25247,Accountant
429,Meera,35,Kolkata,79748,Research Scientist
430,Meera,39,Hyderabad,44053,Research Scientist
431,Ishaan,46,Jaipur,37319,Research Scientist
432,Saanvi,57,Pune,131515,Data Analyst
433,Ishaan,30,Jaipur,125822,Sales Executive
434,Meera,44,Mumbai,107492,Data Analyst
435,Kiara,57,Kolkata,78858,Data Analyst
436,Meera,20,Kolkata,123510,Marketing Manager
437,Ananya,57,Surat,70136,Graphic Designer
438,Vihaan,25,Bangalore,146119,Doctor
439,Kiara,43,Surat,86240,Marketing Manager
440,Vihaan,39,Delhi,94964,Data Analyst
441,Aarav,45,Delhi,144087,Graphic Designer
442,Ananya,18,Mumbai,145993,Sales Executive
443,Ishaan,26,Surat,104138,HR
444,Meera,21,Kolkata,56875,Accountant
445,Aarav,20,Delhi,60179,Sales Executive
446,Dev,26,Delhi,101215,HR
447,Ananya,37,Bangalore,114012,Data Analyst
448,Saanvi,40,Delhi,33556,Doctor
449,Kiara,51,Bangalore,135781,Marketing Manager
450,Kabir,58,Bangalore,143344,Sales Executive
451,Dev,57,Hyderabad,71794,Sales Executive
452,Saanvi,55,Kolkata,119555,Data Analyst
453,Saanvi,20,Mumbai,66706,Teacher
454,Aarav,57,Pune,121800,HR
455,Kabir,45,Pune,140795,HR
456,Ananya,29,Bangalore,148877,Marketing Manager
457,Ishaan,30,Ahmedabad,139891,Sales Executive
458,Aarav,55,Kolkata,57690,Sales Executive
459,Meera,47,Mumbai,59956,Research Scientist
460,Aarav,28,Ahmedabad,119672,Data Analyst
461,Kabir,31,Hyderabad,89524,Research Scientist
462,Kabir,22,Delhi,26362,Marketing Manager
463,Meera,32,Delhi,144142,Software Engineer
464,Rohan,22,Bangalore,78825,Marketing Manager
465,Kabir,53,Mumbai,101801,Graphic Designer
466,Rohan,35,Jaipur,131250,Sales Executive
467,Saanvi,20,Pune,122134,Graphic Designer
468,Dev,27,Mumbai,136290,Marketing Manager
469,Dev,34,Mumbai,28549,Doctor
470,Kabir,58,Ahmedabad,31546,Doctor
471,Kiara,19,Pune,93959,Accountant
472,Saanvi,32,Delhi,65669,Teacher
473,Ananya,27,Jaipur,138272,Graphic Designer
474,Ananya,20,Jaipur,101767,Accountant
475,Aarav,21,Bangalore,145254,Accountant
476,Aarav,55,Bangalore,111400,Accountant
477,Dev,31,Pune,48740,Marketing Manager
478,Aarav,52,Mumbai,28729,Marketing Manager
479,Saanvi,45,Pune,120342,Sales Executive
480,Aarav,23,Bangalore,139113,Accountant
481,Vihaan,43,Kolkata,116818,Marketing Manager
482,Kabir,58,Pune,39527,Accountant
483,Kiara,31,Mumbai,125686,Research Scientist
484,Dev,26,Bangalore,146013,Sales Executive
485,Saanvi,33,Jaipur,113006,Sales Executive
486,Ishaan,39,Mumbai,137836,Teacher
487,Ishaan,45,Hyderabad,40751,Marketing Manager
488,Aarav,52,Ahmedabad,148620,Graphic Designer
489,Ishaan,57,Delhi,135948,Software Engineer
490,Kiara,58,Surat,33272,Accountant
491,Kabir,36,Pune,82688,Doctor
492,Dev,21,Jaipur,34718,Data Analyst
493,Dev,56,Chennai,110839,Accountant
494,Ananya,27,Jaipur,146588,HR
495,Ananya,46,Mumbai,85974,Sales Executive
496,Ishaan,18,Ahmedabad,127996,Graphic Designer
497,Meera,26,Mumbai,29348,Research Scientist
498,Aarav,18,Bangalore,124468,HR
499,Ishaan,54,Kolkata,100989,Research Scientist
500,Vihaan,45,Surat,112413,Marketing Manager
501,Dev,19,Hyderabad,114978,HR
502,Meera,24,Pune,105034,Data Analyst
503,Dev,50,Pune,54002,Software Engineer
504,Aarav,27,Jaipur,116933,Sales Executive
505,Ananya,18,Ahmedabad,131231,Software Engineer
506,Ishaan,34,Mumbai,84305,Graphic Designer
507,Rohan,45,Surat,146279,Accountant
508,Rohan,25,Jaipur,70382,Teacher
509,Saanvi,56,Delhi,130742,Teacher
510,Dev,38,Mumbai,74589,HR
511,Kabir,39,Surat,83151,Marketing Manager
512,Meera,41,Kolkata,48312,HR
513,Ishaan,41,Jaipur,21544,Marketing Manager
514,Dev,25,Ahmedabad,148465,Data Analyst
515,Kabir,43,Ahmedabad,128798,HR
516,Vihaan,59,Surat,140882,Software Engineer
517,Vihaan,27,Bangalore,87192,Marketing Manager
518,Dev,46,Jaipur,27501,HR
519,Kabir,41,Surat,149097,Accountant
520,Vihaan,38,Chennai,71453,Accountant
521,Vihaan,27,Ahmedabad,47810,Graphic Designer
522,Aarav,21,Jaipur,41711,Graphic Designer
523,Vihaan,59,Hyderabad,54099,Marketing Manager
524,Aarav,23,Chennai,115955,Marketing Manager
525,Kabir,52,Ahmedabad,90657,Marketing Manager
526,Ishaan,40,Mumbai,95827,Teacher
527,Vihaan,25,Pune,122919,Teacher
528,Rohan,20,Jaipur,27861,Software Engineer
529,Kabir,42,Jaipur,87700,HR
530,Aarav,37,Bangalore,77595,Software Engineer
531,Kiara,34,Pune,66135,Data Analyst
532,Dev,18,Ahmedabad,72975,Accountant
533,Rohan,36,Delhi,103938,Doctor
534,Dev,47,Chennai,60982,Marketing Manager
535,Kabir,55,Surat,31529,Software Engineer
536,Rohan,29,Jaipur,103926,Marketing Manager
537,Kabir,50,Bangalore,41976,Sales Executive
538,Ishaan,34,Surat,52801,HR
539,Kiara,22,Chennai,135930,Software Engineer
540,Ishaan,21,Chennai,122443,Sales Executive
541,Kiara,24,Hyderabad,134895,Data Analyst
542,Kiara,33,Kolkata,86504,Doctor
543,Vihaan,46,Ahmedabad,27399,Accountant
544,Aarav,21,Bangalore,25489,Marketing Manager
545,Ishaan,42,Delhi,47212,Teacher
546,Rohan,56,Kolkata,137552,Data Analyst
547,Dev,45,Mumbai,138501,Marketing Manager
548,Vihaan,50,Pune,129868,Marketing Manager
549,Kiara,24,Chennai,135645,Graphic Designer
550,Dev,23,Kolkata,99067,Research Scientist
551,Meera,54,Chennai,65375,Doctor
552,Ishaan,39,Hyderabad,103762,Software Engineer
553,Aarav,18,Pune,104334,Sales Executive
554,Saanvi,33,Kolkata,90401,Research Scientist
555,Kabir,29,Mumbai,125315,Graphic Designer
556,Ishaan,58,Jaipur,149602,Teacher
557,Vihaan,42,Jaipur,88954,HR
558,Ishaan,42,Jaipur,117131,HR
559,Ishaan,52,Delhi,39958,Sales Executive
560,Saanvi,49,Hyderabad,120281,Accountant
561,Kiara,60,Ahmedabad,92351,Teacher
562,Ishaan,57,Surat,51490,Research Scientist
563,Kiara,57,Chennai,35816,Graphic Designer
564,Kabir,22,Kolkata,67949,Teacher
565,Kabir,32,Mumbai,129469,Graphic Designer
566,Saanvi,53,Bangalore,59103,Software Engineer
567,Kiara,54,Delhi,51264,Teacher
568,Ishaan,19,Chennai,130806,Teacher
569,Saanvi,40,Surat,144591,Software Engineer
570,Vihaan,32,Kolkata,123987,Software Engineer
571,Ananya,35,Delhi,38902,Data Analyst
572,Kabir,28,Bangalore,129633,Graphic Designer
573,Rohan,38,Kolkata,25865,Data Analyst
574,Rohan,43,Bangalore,26312,HR
575,Saanvi,53,Delhi,68120,HR
576,Meera,46,Chennai,139656,Teacher
577,Ishaan,44,Pune,67696,Marketing Manager
578,Dev,32,Bangalore,54611,Doctor
579,Saanvi,45,Surat,104092,Graphic Designer
580,Kabir,59,Pune,65296,Research Scientist
581,Kabir,59,Ahmedabad,21262,Data Analyst
582,Vihaan,35,Kolkata,115520,Research Scientist
583,Kiara,44,Mumbai,128544,Teacher
584,Saanvi,56,Jaipur,96127,Doctor
585,Kiara,50,Ahmedabad,126630,Sales Executive
586,Kiara,31,Ahmedabad,40685,Teacher
587,Vihaan,24,Chennai,21928,Doctor
588,Ananya,56,Delhi,50690,Data Analyst
589,Kiara,37,Delhi,91124,Graphic Designer
590,Vihaan,33,Surat,85384,Marketing Manager
591,Aarav,58,Kolkata,123158,Data Analyst
592,Aarav,41,Kolkata,36553,Doctor
593,Kabir,35,Ahmedabad,40025,Graphic Designer
594,Meera,33,Kolkata,108925,Software Engineer
595,Ananya,23,Kolkata,144491,Graphic Designer
596,Rohan,57,Jaipur,34443,Doctor
597,Vihaan,57,Ahmedabad,50135,Sales Executive
598,Aarav,28,Bangalore,104342,Graphic Designer
599,Aarav,26,Pune,60339,Doctor
600,Rohan,47,Kolkata,50029,Teacher
601,Rohan,23,Surat,54774,Data Analyst
602,Dev,60,Hyderabad,44938,Accountant
603,Aarav,49,Mumbai,133842,Doctor
604,Aarav,37,Jaipur,143378,Teacher
605,Ishaan,41,Chennai,38578,Graphic Designer
606,Kabir,38,Ahmedabad,48975,Accountant
607,Ishaan,41,Hyderabad,21560,Accountant
608,Kabir,54,Jaipur,97819,Research Scientist
609,Dev,27,Jaipur,62524,Graphic Designer
610,Ishaan,50,Chennai,27469,Graphic Designer
611,Aarav,50,Surat,137801,Marketing Manager
612,Dev,29,Chennai,42196,Data Analyst
613,Ananya,26,Jaipur,109263,Research Scientist
614,Kabir,24,Jaipur,94322,Doctor
615,Dev,36,Delhi,59360,Data Analyst
616,Kiara,45,Kolkata,122699,Accountant
617,Vihaan,56,Chennai,99181,Teacher
618,Kabir,49,Jaipur,53121,Teacher
619,Vihaan,32,Pune,58413,HR
620,Ishaan,46,Pune,111945,Doctor
621,Meera,52,Kolkata,29197,Software Engineer
622,Ananya,25,Hyderabad,90084,Data Analyst
623,Aarav,29,Hyderabad,41049,Research Scientist
624,Ishaan,52,Surat,34910,Graphic Designer
625,Meera,36,Surat,87613,Accountant
626,Ananya,20,Surat,117159,Sales Executive
627,Aarav,21,Bangalore,34828,Research Scientist
628,Kabir,27,Pune,127602,Graphic Designer
629,Vihaan,26,Surat,67430,Data Analyst
630,Vihaan,48,Hyderabad,35862,Graphic Designer
631,Saanvi,39,Ahmedabad,100137,Accountant
632,Saanvi,49,Mumbai,37090,Accountant
633,Aarav,28,Kolkata,57669,Accountant
634,Ishaan,23,Delhi,40254,Marketing Manager
635,Aarav,43,Kolkata,41883,Doctor
636,Aarav,44,Bangalore,25437,HR
637,Vihaan,24,Hyderabad,79162,Accountant
638,Dev,46,Jaipur,47631,Sales Executive
639,Kiara,18,Bangalore,119602,Marketing Manager
640,Vihaan,42,Bangalore,107807,Data Analyst
641,Kabir,57,Jaipur,129642,Teacher
642,Meera,50,Bangalore,104159,Software Engineer
643,Aarav,54,Ahmedabad,141326,HR
644,Ishaan,40,Kolkata,146594,Teacher
645,Ishaan,20,Chennai,72065,Graphic Designer
646,Kiara,52,Bangalore,140140,Sales Executive
647,Kabir,57,Delhi,110561,Doctor
648,Dev,45,Surat,48783,Marketing Manager
649,Ishaan,37,Jaipur,51777,HR
650,Vihaan,26,Mumbai,129398,Accountant
651,Dev,39,Hyderabad,26179,Marketing Manager
652,Saanvi,32,Hyderabad,69243,Research Scientist
653,Dev,60,Ahmedabad,21501,Teacher
654,Dev,20,Bangalore,103347,Sales Executive
655,Kabir,19,Ahmedabad,51200,Data Analyst
656,Vihaan,29,Delhi,103891,Marketing Manager
657,Aarav,32,Surat,71434,Doctor
658,Ananya,51,Ahmedabad,73594,Software Engineer
659,Dev,30,Chennai,110186,Software Engineer
660,Saanvi,33,Kolkata,94537,Research Scientist
661,Vihaan,58,Kolkata,37237,Software Engineer
662,Kabir,43,Pune,123313,Teacher
663,Saanvi,45,Surat,148548,Sales Executive
664,Aarav,30,Pune,104699,Data Analyst
665,Dev,45,Hyderabad,148598,Software Engineer
666,Rohan,37,Surat,24549,Accountant
667,Kiara,57,Mumbai,130915,Software Engineer
668,Aarav,56,Pune,77307,Graphic Designer
669,Kabir,22,Surat,82450,HR
670,Vihaan,42,Chennai,142488,Teacher
671,Saanvi,32,Surat,95301,Sales Executive
672,Kabir,33,Pune,27420,Research Scientist
673,Kabir,59,Ahmedabad,82427,Software Engineer
674,Dev,44,Chennai,98176,Data Analyst
675,Kabir,27,Surat,48872,HR
676,Ananya,37,Kolkata,103946,HR
677,Vihaan,51,Hyderabad,89466,Graphic Designer
678,Rohan,52,Mumbai,142061,Data Analyst
679,Rohan,50,Chennai,141597,Doctor
680,Ishaan,46,Chennai,27395,Sales Executive
681,Dev,53,Ahmedabad,121960,Sales Executive
682,Vihaan,19,Kolkata,34598,Software Engineer
683,Vihaan,53,Ahmedabad,102319,Software Engineer
684,Rohan,42,Jaipur,112976,Research Scientist
685,Ishaan,47,Chennai,126611,Graphic Designer
686,Dev,50,Surat,147311,Research Scientist
687,Saanvi,27,Surat,70650,Sales Executive
688,Vihaan,37,Bangalore,134859,Marketing Manager
689,Ishaan,59,Hyderabad,118433,Graphic Designer
690,Ishaan,40,Chennai,141512,Sales Executive
691,Vihaan,41,Hyderabad,72548,Sales Executive
692,Dev,38,Delhi,92810,Graphic Designer
693,Kiara,34,Jaipur,98285,HR
694,Ishaan,32,Delhi,136158,Data Analyst
695,Kiara,46,Delhi,61259,HR
696,Rohan,60,Ahmedabad,87845,Data Analyst
697,Ishaan,30,Hyderabad,138316,Data Analyst
698,Kabir,21,Ahmedabad,149079,Accountant
699,Rohan,22,Bangalore,122748,Doctor
700,Aarav,47,Surat,29376,Accountant
701,Ishaan,37,Bangalore,53401,Research Scientist
702,Aarav,26,Ahmedabad,21204,Data Analyst
703,Saanvi,30,Kolkata,132820,Accountant
704,Rohan,43,Mumbai,39927,Accountant
705,Ananya,55,Jaipur,138324,Accountant
706,Kiara,46,Jaipur,148352,Data Analyst
707,Saanvi,56,Hyderabad,128943,Accountant
708,Aarav,41,Delhi,124505,Teacher
709,Ananya,30,Bangalore,138188,Data Analyst
710,Ishaan,57,Kolkata,100481,Teacher
711,Saanvi,53,Jaipur,99455,Software Engineer
712,Dev,38,Delhi,47641,HR
713,Kiara,34,Hyderabad,59936,Data Analyst
714,Ananya,51,Hyderabad,47634,Accountant
715,Meera,30,Pune,120285,Data Analyst
716,Kiara,54,Chennai,128882,Sales Executive
717,Vihaan,29,Pune,97748,Graphic Designer
718,Ishaan,38,Kolkata,97525,Accountant
719,Meera,19,Hyderabad,21152,Doctor
720,Dev,51,Chennai,141783,Teacher
721,Saanvi,37,Ahmedabad,111274,HR
722,Rohan,21,Ahmedabad,20765,Doctor
723,Ananya,32,Surat,144275,Graphic Designer
724,Saanvi,19,Pune,96911,Doctor
725,Ishaan,51,Delhi,111243,Teacher
726,Meera,33,Bangalore,71892,Accountant
727,Saanvi,18,Ahmedabad,70581,Data Analyst
728,Rohan,43,Mumbai,53262,Sales Executive
729,Kiara,36,Ahmedabad,78473,Marketing Manager
730,Rohan,18,Mumbai,130192,Data Analyst
731,Vihaan,59,Jaipur,105015,Software Engineer
732,Aarav,19,Bangalore,111532,Data Analyst
733,Vihaan,35,Bangalore,148020,Teacher
734,Kabir,43,Ahmedabad,116251,Graphic Designer
735,Ananya,30,Ahmedabad,124249,Marketing Manager
736,Rohan,57,Bangalore,106521,Research Scientist
737,Ananya,25,Surat,67683,Data Analyst
738,Aarav,28,Ahmedabad,37126,Accountant
739,Rohan,51,Hyderabad,83502,Sales Executive
740,Dev,41,Chennai,132907,Accountant
741,Saanvi,52,Ahmedabad,81668,Teacher
742,Meera,43,Bangalore,131339,Sales Executive
743,Dev,55,Jaipur,148789,Marketing Manager
744,Kabir,18,Hyderabad,48011,Software Engineer
745,Saanvi,26,Surat,113439,HR
746,Meera,30,Pune,142466,Research Scientist
747,Ishaan,20,Bangalore,119635,Doctor
748,Saanvi,32,Surat,22238,Data Analyst
749,Dev,53,Kolkata,69050,Marketing Manager
750,Kabir,40,Pune,137000,Graphic Designer
751,Rohan,35,Ahmedabad,89466,Accountant
752,Aarav,19,Hyderabad,85977,HR
753,Aarav,40,Mumbai,87141,Teacher
754,Saanvi,55,Jaipur,129282,Accountant
755,Saanvi,19,Jaipur,140476,Research Scientist
756,Saanvi,36,Jaipur,64205,Marketing Manager
757,Kiara,52,Hyderabad,114672,Data Analyst
758,Aarav,40,Ahmedabad,45684,HR
759,Kiara,50,Jaipur,88436,Data Analyst
760,Aarav,41,Bangalore,133925,Marketing Manager
761,Vihaan,20,Pune,27744,Marketing Manager
762,Ishaan,20,Kolkata,124443,Teacher
763,Ananya,36,Bangalore,49191,Marketing Manager
764,Aarav,60,Mumbai,107592,Doctor
765,Kabir,36,Mumbai,70451,Teacher
766,Aarav,34,Chennai,21615,Marketing Manager
767,Meera,47,Kolkata,94507,Research Scientist
768,Ananya,54,Delhi,43334,Doctor
769,Ananya,40,Jaipur,42988,Marketing Manager
770,Kabir,22,Pune,92832,Research Scientist
771,Rohan,48,Pune,52677,Doctor
772,Ishaan,36,Pune,41535,Graphic Designer
773,Rohan,23,Jaipur,82853,Graphic Designer
774,Kiara,46,Kolkata,108412,Marketing Manager
775,Saanvi,25,Chennai,26824,Graphic Designer
776,Ishaan,34,Chennai,149480,Data Analyst
777,Dev,27,Delhi,98446,Teacher
778,Rohan,40,Ahmedabad,51338,Software Engineer
779,Meera,27,Chennai,140440,Software Engineer
780,Rohan,27,Jaipur,75625,Doctor
781,Ananya,35,Mumbai,104795,Accountant
782,Meera,20,Bangalore,140473,Software Engineer
783,Rohan,44,Delhi,96166,Accountant
784,Meera,41,Bangalore,98344,Data Analyst
785,Meera,28,Bangalore,71545,Sales Executive
786,Ishaan,22,Kolkata,122453,Graphic Designer
787,Vihaan,41,Ahmedabad,63265,Graphic Designer
788,Kiara,20,Pune,105752,Graphic Designer
789,Ishaan,27,Hyderabad,66381,Teacher
790,Saanvi,50,Pune,138923,Software Engineer
791,Rohan,26,Ahmedabad,122205,Teacher
792,Kiara,32,Chennai,67582,Software Engineer
793,Aarav,37,Jaipur,120941,Accountant
794,Rohan,45,Surat,102606,Graphic Designer
795,Meera,59,Pune,40527,Graphic Designer
796,Saanvi,50,Hyderabad,111502,Teacher
797,Kabir,50,Ahmedabad,106892,Graphic Designer
798,Vihaan,58,Hyderabad,141381,Doctor
799,Dev,38,Ahmedabad,28645,Research Scientist
800,Aarav,21,Chennai,86078,Research Scientist
801,Ananya,58,Chennai,123315,Teacher
802,Kiara,60,Hyderabad,63765,Accountant
803,Ananya,40,Kolkata,137262,Data Analyst
804,Vihaan,43,Mumbai,101911,Research Scientist
805,Vihaan,43,Delhi,28764,Data Analyst
806,Saanvi,58,Jaipur,103720,Marketing Manager
807,Meera,28,Mumbai,119503,Marketing Manager
808,Rohan,21,Kolkata,109014,Research Scientist
809,Dev,37,Bangalore,28178,Doctor
810,Rohan,27,Surat,130350,Software Engineer
811,Rohan,49,Kolkata,25878,Software Engineer
812,Vihaan,46,Jaipur,39796,Software Engineer
813,Rohan,40,Bangalore,55137,Doctor
814,Vihaan,55,Hyderabad,39892,Software Engineer
815,Dev,19,Bangalore,130258,Sales Executive
816,Meera,21,Chennai,72133,Sales Executive
817,Saanvi,46,Ahmedabad,54097,Teacher
818,Ananya,22,Chennai,68143,Research Scientist
819,Ishaan,41,Chennai,140372,Research Scientist
820,Vihaan,24,Kolkata,94705,Research Scientist
821,Ananya,30,Hyderabad,22876,Graphic Designer
822,Kiara,32,Delhi,33303,Data Analyst
823,Aarav,59,Ahmedabad,70876,Teacher
824,Ishaan,49,Kolkata,21376,Teacher
825,Kabir,24,Hyderabad,33239,Graphic Designer
826,Rohan,30,Ahmedabad,145499,Software Engineer
827,Kiara,35,Delhi,36891,Data Analyst
828,Aarav,49,Mumbai,65636,Data Analyst
829,Dev,53,Bangalore,39170,Graphic Designer
830,Kiara,23,Jaipur,145267,Marketing Manager
831,Saanvi,60,Delhi,51285,Teacher
832,Dev,48,Hyderabad,81217,Research Scientist
833,Vihaan,24,Ahmedabad,59611,HR
834,Ishaan,34,Ahmedabad,78096,Graphic Designer
835,Kiara,24,Pune,72558,Teacher
836,Ishaan,48,Delhi,138754,Graphic Designer
837,Dev,39,Kolkata,41317,Teacher
838,Kiara,37,Surat,85631,Teacher
839,Aarav,41,Bangalore,134074,Graphic Designer
840,Rohan,18,Jaipur,50189,Accountant
841,Ishaan,20,Bangalore,108734,Graphic Designer
842,Saanvi,37,Pune,87477,Software Engineer
843,Vihaan,25,Kolkata,87479,Accountant
844,Saanvi,48,Bangalore,119760,Software Engineer
845,Rohan,49,Delhi,91331,HR
846,Rohan,44,Surat,20876,Teacher
847,Kabir,31,Chennai,35931,Graphic Designer
848,Ishaan,35,Pune,135410,Doctor
849,Kiara,29,Jaipur,39320,Doctor
850,Kabir,56,Pune,103715,Sales Executive
851,Kabir,19,Chennai,41854,Accountant
852,Vihaan,28,Hyderabad,93828,Teacher
853,Rohan,18,Pune,132739,Teacher
854,Saanvi,35,Mumbai,63822,Data Analyst
855,Aarav,51,Kolkata,130509,Doctor
856,Ananya,57,Chennai,137960,Data Analyst
857,Dev,50,Pune,70454,Marketing Manager
858,Meera,50,Chennai,83928,Research Scientist
859,Kabir,19,Bangalore,125279,Sales Executive
860,Ananya,45,Hyderabad,51794,HR
861,Aarav,30,Jaipur,107782,Data Analyst
862,Ananya,19,Delhi,102994,Sales Executive
863,Dev,20,Hyderabad,21278,Accountant
864,Meera,57,Ahmedabad,147349,Accountant
865,Saanvi,52,Pune,48539,Software Engineer
866,Aarav,38,Surat,145248,Accountant
867,Ananya,28,Jaipur,145928,Sales Executive
868,Kiara,57,Mumbai,123743,Research Scientist
869,Vihaan,55,Jaipur,78805,Teacher
870,Ishaan,27,Jaipur,124947,Teacher
871,Dev,28,Hyderabad,84947,Data Analyst
872,Ananya,48,Pune,147615,Accountant
873,Aarav,18,Delhi,93112,Sales Executive
874,Vihaan,31,Hyderabad,22523,Teacher
875,Meera,42,Pune,22215,Teacher
876,Ishaan,28,Hyderabad,79068,Software Engineer
877,Aarav,38,Kolkata,41934,Software Engineer
878,Rohan,48,Surat,129558,Doctor
879,Dev,29,Kolkata,115937,Sales Executive
880,Rohan,53,Kolkata,82239,HR
881,Dev,56,Surat,29293,Research Scientist
882,Meera,51,Chennai,26459,Data Analyst
883,Kiara,33,Ahmedabad,103243,Software Engineer
884,Saanvi,40,Surat,143570,Research Scientist
885,Kiara,58,Mumbai,35212,Data Analyst
886,Ananya,41,Ahmedabad,98156,Accountant
887,Ananya,52,Hyderabad,77774,Data Analyst
888,Rohan,25,Jaipur,85414,Graphic Designer
889,Aarav,38,Ahmedabad,46185,Data Analyst
890,Aarav,50,Hyderabad,59490,Sales Executive
891,Ananya,54,Delhi,41182,Teacher
892,Aarav,59,Jaipur,21858,Graphic Designer
893,Dev,47,Bangalore,117940,Doctor
894,Kiara,55,Chennai,132309,Graphic Designer
895,Aarav,51,Bangalore,52067,Sales Executive
896,Meera,49,Kolkata,86239,Teacher
897,Aarav,38,Bangalore,86289,Teacher
898,Ishaan,51,Pune,141847,Marketing Manager
899,Dev,37,Pune,137478,Marketing Manager
900,Kabir,46,Kolkata,136487,HR
901,Rohan,45,Pune,78151,Research Scientist
902,Ishaan,58,Pune,136289,Research Scientist
903,Vihaan,58,Bangalore,110160,Graphic Designer
904,Dev,39,Bangalore,90630,Marketing Manager
905,Kabir,37,Bangalore,35529,Software Engineer
906,Dev,60,Bangalore,103504,Sales Executive
907,Meera,22,Mumbai,91987,Marketing Manager
908,Meera,41,Hyderabad,28066,Marketing Manager
909,Saanvi,56,Chennai,109801,Teacher
910,Ishaan,40,Chennai,109960,Doctor
911,Rohan,34,Bangalore,119248,Software Engineer
912,Kabir,32,Ahmedabad,104365,Graphic Designer
913,Ananya,58,Surat,114719,Doctor
914,Dev,49,Bangalore,37205,Doctor
915,Dev,50,Hyderabad,27516,Accountant
916,Kabir,25,Pune,64374,Accountant
917,Aarav,38,Delhi,120460,Sales Executive
918,Dev,42,Surat,28832,Teacher
919,Saanvi,50,Kolkata,77754,Software Engineer
920,Vihaan,56,Surat,86061,Software Engineer
921,Saanvi,59,Chennai,60836,Data Analyst
922,Vihaan,46,Delhi,57421,Teacher
923,Dev,19,Surat,26542,Graphic Designer
924,Meera,22,Ahmedabad,59367,Marketing Manager
925,Meera,47,Delhi,97327,Sales Executive
926,Aarav,22,Kolkata,58225,Accountant
927,Ananya,41,Ahmedabad,116542,Teacher
928,Kabir,46,Ahmedabad,82004,Software Engineer
929,Saanvi,37,Kolkata,111566,Software Engineer
930,Rohan,52,Kolkata,146290,Doctor
931,Ishaan,54,Pune,114069,Doctor
932,Ishaan,53,Hyderabad,29766,Data Analyst
933,Vihaan,30,Ahmedabad,110669,Graphic Designer
934,Meera,32,Bangalore,101841,Software Engineer
935,Aarav,51,Pune,31427,Graphic Designer
936,Rohan,55,Hyderabad,138154,Research Scientist
937,Kabir,43,Delhi,28790,Research Scientist
938,Rohan,35,Delhi,110630,Teacher
939,Aarav,43,Kolkata,149080,Marketing Manager
940,Kabir,59,Mumbai,99387,Software Engineer
941,Saanvi,18,Surat,119278,Data Analyst
942,Dev,33,Surat,144109,Teacher
943,Kiara,55,Chennai,97691,Software Engineer
944,Aarav,27,Kolkata,98101,Research Scientist
945,Aarav,48,Ahmedabad,52855,Research Scientist
946,Aarav,26,Jaipur,58654,Marketing Manager
947,Meera,53,Hyderabad,59571,Marketing Manager
948,Kabir,53,Delhi,130646,Sales Executive
949,Aarav,21,Delhi,114904,Sales Executive
950,Vihaan,33,Jaipur,74695,Software Engineer
951,Kabir,22,Jaipur,64827,HR
952,Ananya,59,Chennai,140941,Data Analyst
953,Kiara,55,Hyderabad,90422,Software Engineer
954,Saanvi,25,Jaipur,106781,Teacher
955,Saanvi,60,Kolkata,40045,Graphic Designer
956,Meera,25,Ahmedabad,123307,Data Analyst
957,Ishaan,42,Jaipur,55124,Doctor
958,Kiara,43,Jaipur,61179,HR
959,Kabir,58,Mumbai,39422,Research Scientist
960,Aarav,23,Kolkata,27072,Doctor
961,Kabir,20,Hyderabad,50075,Marketing Manager
962,Kabir,40,Bangalore,126893,Data Analyst
963,Saanvi,54,Chennai,138673,Accountant
964,Kabir,50,Hyderabad,142319,Graphic Designer
965,Vihaan,42,Chennai,53510,Teacher
966,Ananya,23,Pune,94104,Accountant
967,Saanvi,30,Jaipur,99076,Software Engineer
968,Kiara,40,Pune,114259,Sales Executive
969,Dev,33,Kolkata,110833,Graphic Designer
970,Dev,29,Kolkata,27230,Accountant
971,Ishaan,55,Kolkata,97423,Graphic Designer
972,Ishaan,36,Ahmedabad,87172,Research Scientist
973,Aarav,45,Kolkata,141561,HR
974,Ananya,28,Hyderabad,96231,Marketing Manager
975,Vihaan,40,Chennai,52749,Data Analyst
976,Ishaan,52,Jaipur,104258,Accountant
977,Meera,57,Delhi,112110,Sales Executive
978,Saanvi,18,Mumbai,24781,Teacher
979,Aarav,36,Pune,135673,HR
980,Ishaan,36,Pune,44260,Teacher
981,Dev,47,Pune,33076,Accountant
982,Saanvi,57,Jaipur,124888,Data Analyst
983,Kiara,41,Pune,68556,Research Scientist
984,Ananya,29,Surat,122218,Software Engineer
985,Vihaan,20,Jaipur,37113,Research Scientist
986,Kabir,20,Ahmedabad,99284,Marketing Manager
987,Dev,46,Mumbai,94104,Marketing Manager
988,Dev,41,Hyderabad,22595,Research Scientist
989,Kiara,50,Surat,56837,Software Engineer
990,Vihaan,31,Delhi,59769,Teacher
991,Dev,35,Chennai,29450,HR
992,Kabir,35,Surat,133257,Graphic Designer
993,Rohan,28,Pune,139309,Marketing Manager
994,Rohan,39,Delhi,37332,Marketing Manager
995,Ananya,22,Kolkata,57804,Accountant
996,Kabir,25,Delhi,91371,Marketing Manager
997,Saanvi,45,Ahmedabad,56811,Doctor
998,Kabir,31,Jaipur,22378,Graphic Designer
999,Kabir,40,Delhi,64102,Software Engineer
1000,Dev,30,Ahmedabad,36239,Sales Executive
